{
  "n_trials": 297,
  "per_model": {
    "hermes3:8b-llama3.1-q4_K_M": {
      "correct": 21,
      "n": 33,
      "rate": 0.6363636363636364,
      "fake_rate": 0.09090909090909091,
      "mean_duration_s": 7.406060606060606
    },
    "hf.co/Salesforce/Llama-xLAM-2-8b-fc-r-gguf:latest": {
      "correct": 19,
      "n": 33,
      "rate": 0.5757575757575758,
      "fake_rate": 0.18181818181818182,
      "mean_duration_s": 8.10939393939394
    },
    "llama3-groq-tool-use:8b": {
      "correct": 16,
      "n": 33,
      "rate": 0.48484848484848486,
      "fake_rate": 0.18181818181818182,
      "mean_duration_s": 5.997575757575757
    },
    "llama3.1:8b": {
      "correct": 18,
      "n": 33,
      "rate": 0.5454545454545454,
      "fake_rate": 0.0,
      "mean_duration_s": 10.738484848484848
    },
    "mistral-nemo:12b": {
      "correct": 22,
      "n": 33,
      "rate": 0.6666666666666666,
      "fake_rate": 0.12121212121212122,
      "mean_duration_s": 29.078181818181818
    },
    "qwen2.5-coder:14b": {
      "correct": 27,
      "n": 33,
      "rate": 0.8181818181818182,
      "fake_rate": 0.06060606060606061,
      "mean_duration_s": 13.004242424242424
    },
    "qwen2.5:14b": {
      "correct": 23,
      "n": 33,
      "rate": 0.696969696969697,
      "fake_rate": 0.18181818181818182,
      "mean_duration_s": 9.15969696969697
    },
    "qwen2.5:32b": {
      "correct": 24,
      "n": 33,
      "rate": 0.7272727272727273,
      "fake_rate": 0.18181818181818182,
      "mean_duration_s": 64.08181818181818
    },
    "qwen3:14b": {
      "correct": 26,
      "n": 33,
      "rate": 0.7878787878787878,
      "fake_rate": 0.24242424242424243,
      "mean_duration_s": 59.10030303030303
    }
  },
  "per_case": {
    "woodcutting_no_axe": {
      "correct": 12,
      "n": 27,
      "rate": 0.4444444444444444
    },
    "low_health_emergency": {
      "correct": 17,
      "n": 27,
      "rate": 0.6296296296296297
    },
    "pickup_ground_item_dropped": {
      "correct": 26,
      "n": 27,
      "rate": 0.9629629629629629
    },
    "pickup_ground_item_static_spawn": {
      "correct": 14,
      "n": 27,
      "rate": 0.5185185185185185
    },
    "scan_ground_items": {
      "correct": 8,
      "n": 27,
      "rate": 0.2962962962962963
    },
    "goto_fishing_spot": {
      "correct": 27,
      "n": 27,
      "rate": 1.0
    },
    "go_south_direction": {
      "correct": 20,
      "n": 27,
      "rate": 0.7407407407407407
    },
    "drop_inventory_naive": {
      "correct": 4,
      "n": 27,
      "rate": 0.14814814814814814
    },
    "scan_fishing_net": {
      "correct": 26,
      "n": 27,
      "rate": 0.9629629629629629
    },
    "kill_frogs": {
      "correct": 20,
      "n": 27,
      "rate": 0.7407407407407407
    },
    "bank_full_inventory": {
      "correct": 22,
      "n": 27,
      "rate": 0.8148148148148148
    }
  }
}